class,no
ham,1
ham,2
spam,3
ham,4
ham,5
spam,6
ham,7
ham,8
spam,9
spam,10
ham,11
spam,12
spam,13
ham,14
ham,15
spam,16
ham,17
ham,18
ham,19
spam,20
ham,21
ham,22
ham,23
ham,24
ham,25
ham,26
ham,27
ham,28
ham,29
ham,30
ham,31
ham,32
ham,33
ham,34
spam,35
ham,36
ham,37
ham,38
ham,39
ham,40
ham,41
ham,42
spam,43
ham,44
ham,45
ham,46
ham,47
ham,48
ham,49
ham,50
ham,51
ham,52
ham,53
ham,54
spam,55
ham,56
spam,57
ham,58
ham,59
ham,60
ham,61
ham,62
ham,63
ham,64
ham,65
spam,66
ham,67
spam,68
spam,69
ham,70
ham,71
ham,72
ham,73
ham,74
ham,75
ham,76
ham,77
ham,78
ham,79
ham,80
ham,81
ham,82
ham,83
ham,84
ham,85
ham,86
ham,87
ham,88
ham,89
ham,90
ham,91
ham,92
ham,93
spam,94
ham,95
spam,96
ham,97
ham,98
ham,99
ham,100
ham,101
ham,102
ham,103
ham,104
ham,105
ham,106
ham,107
ham,108
ham,109
ham,110
ham,111
ham,112
ham,113
ham,114
spam,115
ham,116
ham,117
spam,118
ham,119
ham,120
spam,121
spam,122
ham,123
spam,124
ham,125
ham,126
ham,127
ham,128
ham,129
ham,130
ham,131
ham,132
ham,133
ham,134
spam,135
spam,136
ham,137
ham,138
ham,139
spam,140
ham,141
ham,142
ham,143
ham,144
ham,145
ham,146
ham,147
spam,148
ham,149
ham,150
ham,151
ham,152
ham,153
ham,154
ham,155
ham,156
ham,157
ham,158
ham,159
spam,160
spam,161
ham,162
ham,163
ham,164
spam,165
spam,166
ham,167
spam,168
ham,169
ham,170
ham,171
ham,172
ham,173
ham,174
ham,175
ham,176
ham,177
ham,178
ham,179
ham,180
ham,181
ham,182
ham,183
ham,184
ham,185
ham,186
ham,187
ham,188
spam,189
ham,190
ham,191
spam,192
ham,193
ham,194
ham,195
ham,196
ham,197
ham,198
ham,199
ham,200
ham,201
ham,202
ham,203
ham,204
ham,205
ham,206
ham,207
ham,208
ham,209
ham,210
ham,211
ham,212
ham,213
ham,214
ham,215
ham,216
ham,217
ham,218
ham,219
ham,220
ham,221
ham,222
ham,223
ham,224
ham,225
spam,226
ham,227
spam,228
ham,229
ham,230
ham,231
ham,232
ham,233
ham,234
ham,235
spam,236
ham,237
ham,238
ham,239
ham,240
spam,241
ham,242
ham,243
ham,244
ham,245
ham,246
ham,247
ham,248
ham,249
ham,250
spam,251
ham,252
ham,253
ham,254
ham,255
ham,256
ham,257
ham,258
ham,259
spam,260
ham,261
ham,262
ham,263
ham,264
spam,265
ham,266
ham,267
ham,268
spam,269
ham,270
spam,271
ham,272
ham,273
spam,274
ham,275
ham,276
ham,277
ham,278
ham,279
ham,280
ham,281
ham,282
ham,283
ham,284
ham,285
ham,286
ham,287
ham,288
ham,289
ham,290
ham,291
ham,292
ham,293
ham,294
ham,295
ham,296
spam,297
ham,298
ham,299
ham,300
ham,301
ham,302
ham,303
ham,304
ham,305
spam,306
ham,307
ham,308
ham,309
spam,310
ham,311
ham,312
spam,313
ham,314
ham,315
ham,316
ham,317
ham,318
ham,319
spam,320
ham,321
ham,322
ham,323
ham,324
ham,325
ham,326
ham,327
ham,328
ham,329
ham,330
ham,331
ham,332
ham,333
spam,334
ham,335
spam,336
ham,337
ham,338
ham,339
ham,340
ham,341
ham,342
ham,343
ham,344
ham,345
ham,346
ham,347
ham,348
ham,349
spam,350
ham,351
ham,352
ham,353
ham,354
ham,355
ham,356
ham,357
spam,358
spam,359
ham,360
ham,361
ham,362
ham,363
ham,364
ham,365
ham,366
ham,367
spam,368
spam,369
ham,370
ham,371
ham,372
ham,373
ham,374
ham,375
spam,376
ham,377
ham,378
ham,379
ham,380
ham,381
ham,382
ham,383
ham,384
ham,385
spam,386
ham,387
ham,388
ham,389
spam,390
ham,391
ham,392
ham,393
ham,394
ham,395
ham,396
ham,397
ham,398
ham,399
ham,400
ham,401
spam,402
ham,403
ham,404
ham,405
ham,406
ham,407
ham,408
ham,409
ham,410
ham,411
ham,412
ham,413
ham,414
ham,415
spam,416
ham,417
ham,418
spam,419
ham,420
spam,421
ham,422
spam,423
ham,424
spam,425
ham,426
ham,427
ham,428
ham,429
ham,430
ham,431
ham,432
ham,433
spam,434
ham,435
ham,436
ham,437
ham,438
ham,439
ham,440
ham,441
ham,442
ham,443
ham,444
ham,445
ham,446
ham,447
ham,448
ham,449
ham,450
ham,451
ham,452
ham,453
ham,454
ham,455
spam,456
ham,457
ham,458
ham,459
ham,460
ham,461
ham,462
ham,463
spam,464
ham,465
ham,466
ham,467
ham,468
ham,469
ham,470
spam,471
ham,472
ham,473
spam,474
ham,475
ham,476
ham,477
ham,478
ham,479
ham,480
ham,481
ham,482
ham,483
ham,484
ham,485
ham,486
spam,487
ham,488
ham,489
ham,490
ham,491
spam,492
ham,493
ham,494
ham,495
ham,496
ham,497
ham,498
ham,499
ham,500
ham,501
ham,502
ham,503
ham,504
spam,505
ham,506
ham,507
ham,508
ham,509
ham,510
ham,511
ham,512
ham,513
ham,514
spam,515
ham,516
spam,517
spam,518
ham,519
ham,520
ham,521
ham,522
ham,523
ham,524
spam,525
ham,526
spam,527
ham,528
spam,529
ham,530
spam,531
ham,532
ham,533
ham,534
ham,535
ham,536
ham,537
ham,538
ham,539
ham,540
spam,541
ham,542
ham,543
ham,544
ham,545
ham,546
ham,547
ham,548
ham,549
ham,550
ham,551
ham,552
ham,553
ham,554
ham,555
ham,556
ham,557
ham,558
ham,559
ham,560
ham,561
ham,562
ham,563
spam,564
ham,565
ham,566
ham,567
ham,568
ham,569
ham,570
ham,571
ham,572
ham,573
ham,574
ham,575
spam,576
ham,577
ham,578
spam,579
ham,580
ham,581
ham,582
spam,583
ham,584
ham,585
ham,586
ham,587
ham,588
ham,589
ham,590
spam,591
spam,592
spam,593
ham,594
ham,595
ham,596
ham,597
spam,598
ham,599
ham,600
ham,601
ham,602
ham,603
ham,604
ham,605
ham,606
spam,607
ham,608
ham,609
ham,610
spam,611
ham,612
ham,613
ham,614
ham,615
ham,616
ham,617
ham,618
ham,619
ham,620
ham,621
ham,622
ham,623
ham,624
ham,625
ham,626
ham,627
ham,628
spam,629
spam,630
ham,631
ham,632
ham,633
ham,634
spam,635
ham,636
ham,637
ham,638
ham,639
ham,640
ham,641
ham,642
ham,643
ham,644
ham,645
ham,646
ham,647
spam,648
ham,649
spam,650
ham,651
ham,652
ham,653
ham,654
ham,655
ham,656
ham,657
ham,658
ham,659
spam,660
ham,661
ham,662
ham,663
ham,664
ham,665
ham,666
ham,667
ham,668
ham,669
ham,670
ham,671
spam,672
spam,673
ham,674
ham,675
ham,676
ham,677
ham,678
ham,679
ham,680
ham,681
ham,682
ham,683
spam,684
ham,685
ham,686
ham,687
ham,688
ham,689
spam,690
ham,691
ham,692
ham,693
ham,694
ham,695
ham,696
ham,697
ham,698
ham,699
ham,700
ham,701
ham,702
ham,703
ham,704
ham,705
ham,706
ham,707
ham,708
spam,709
spam,710
ham,711
ham,712
spam,713
ham,714
ham,715
ham,716
spam,717
ham,718
spam,719
ham,720
ham,721
ham,722
ham,723
ham,724
ham,725
ham,726
ham,727
ham,728
ham,729
ham,730
spam,731
ham,732
ham,733
ham,734
ham,735
ham,736
ham,737
spam,738
ham,739
ham,740
ham,741
ham,742
ham,743
ham,744
ham,745
ham,746
ham,747
spam,748
ham,749
ham,750
spam,751
spam,752
ham,753
ham,754
ham,755
ham,756
ham,757
ham,758
ham,759
ham,760
spam,761
ham,762
spam,763
ham,764
ham,765
spam,766
ham,767
ham,768
ham,769
ham,770
ham,771
ham,772
ham,773
ham,774
ham,775
ham,776
ham,777
ham,778
ham,779
ham,780
ham,781
ham,782
ham,783
spam,784
ham,785
ham,786
ham,787
spam,788
spam,789
ham,790
ham,791
ham,792
ham,793
ham,794
ham,795
ham,796
spam,797
ham,798
ham,799
ham,800
spam,801
ham,802
spam,803
spam,804
ham,805
ham,806
ham,807
ham,808
ham,809
ham,810
ham,811
ham,812
spam,813
ham,814
spam,815
ham,816
ham,817
ham,818
ham,819
ham,820
ham,821
ham,822
spam,823
spam,824
ham,825
ham,826
ham,827
ham,828
ham,829
ham,830
spam,831
ham,832
spam,833
ham,834
ham,835
ham,836
spam,837
ham,838
spam,839
spam,840
ham,841
ham,842
ham,843
spam,844
ham,845
ham,846
ham,847
ham,848
ham,849
spam,850
ham,851
ham,852
ham,853
ham,854
ham,855
spam,856
ham,857
ham,858
ham,859
ham,860
ham,861
ham,862
ham,863
ham,864
ham,865
spam,866
ham,867
spam,868
spam,869
spam,870
ham,871
ham,872
ham,873
ham,874
ham,875
spam,876
ham,877
spam,878
spam,879
spam,880
spam,881
ham,882
ham,883
ham,884
ham,885
ham,886
ham,887
ham,888
ham,889
ham,890
ham,891
ham,892
ham,893
ham,894
ham,895
ham,896
ham,897
ham,898
ham,899
spam,900
ham,901
ham,902
ham,903
ham,904
ham,905
ham,906
spam,907
ham,908
ham,909
spam,910
ham,911
ham,912
ham,913
ham,914
ham,915
ham,916
ham,917
ham,918
ham,919
ham,920
ham,921
ham,922
ham,923
ham,924
ham,925
ham,926
ham,927
ham,928
ham,929
spam,930
ham,931
ham,932
ham,933
ham,934
spam,935
ham,936
ham,937
ham,938
spam,939
ham,940
ham,941
ham,942
spam,943
ham,944
ham,945
ham,946
spam,947
ham,948
ham,949
ham,950
ham,951
ham,952
ham,953
ham,954
spam,955
ham,956
ham,957
ham,958
ham,959
ham,960
ham,961
spam,962
ham,963
ham,964
ham,965
ham,966
ham,967
ham,968
ham,969
ham,970
ham,971
ham,972
ham,973
ham,974
ham,975
ham,976
ham,977
ham,978
ham,979
ham,980
ham,981
ham,982
spam,983
ham,984
ham,985
ham,986
ham,987
ham,988
ham,989
ham,990
ham,991
ham,992
ham,993
ham,994
ham,995
ham,996
ham,997
ham,998
ham,999
ham,1000
ham,1001
spam,1002
ham,1003
ham,1004
ham,1005
ham,1006
spam,1007
ham,1008
ham,1009
ham,1010
ham,1011
ham,1012
ham,1013
ham,1014
ham,1015
ham,1016
spam,1017
ham,1018
ham,1019
ham,1020
ham,1021
spam,1022
ham,1023
ham,1024
ham,1025
ham,1026
ham,1027
ham,1028
ham,1029
ham,1030
ham,1031
ham,1032
ham,1033
ham,1034
ham,1035
ham,1036
ham,1037
ham,1038
ham,1039
ham,1040
ham,1041
ham,1042
ham,1043
ham,1044
spam,1045
ham,1046
ham,1047
spam,1048
ham,1049
spam,1050
ham,1051
ham,1052
ham,1053
ham,1054
ham,1055
ham,1056
ham,1057
ham,1058
ham,1059
spam,1060
ham,1061
ham,1062
ham,1063
spam,1064
ham,1065
ham,1066
ham,1067
ham,1068
spam,1069
ham,1070
ham,1071
spam,1072
spam,1073
ham,1074
ham,1075
ham,1076
ham,1077
ham,1078
ham,1079
ham,1080
ham,1081
ham,1082
ham,1083
ham,1084
ham,1085
ham,1086
ham,1087
ham,1088
spam,1089
ham,1090
spam,1091
ham,1092
ham,1093
ham,1094
ham,1095
ham,1096
spam,1097
ham,1098
ham,1099
ham,1100
ham,1101
ham,1102
ham,1103
ham,1104
spam,1105
ham,1106
ham,1107
ham,1108
ham,1109
ham,1110
ham,1111
ham,1112
ham,1113
ham,1114
ham,1115
ham,1116
ham,1117
spam,1118
ham,1119
spam,1120
ham,1121
spam,1122
ham,1123
ham,1124
ham,1125
spam,1126
ham,1127
ham,1128
spam,1129
ham,1130
ham,1131
ham,1132
ham,1133
ham,1134
ham,1135
ham,1136
spam,1137
ham,1138
ham,1139
ham,1140
ham,1141
spam,1142
ham,1143
ham,1144
ham,1145
spam,1146
ham,1147
ham,1148
ham,1149
ham,1150
ham,1151
ham,1152
ham,1153
ham,1154
ham,1155
ham,1156
ham,1157
ham,1158
ham,1159
ham,1160
ham,1161
spam,1162
ham,1163
ham,1164
ham,1165
ham,1166
ham,1167
ham,1168
ham,1169
ham,1170
spam,1171
ham,1172
ham,1173
ham,1174
ham,1175
ham,1176
ham,1177
ham,1178
ham,1179
ham,1180
ham,1181
ham,1182
ham,1183
ham,1184
ham,1185
ham,1186
ham,1187
ham,1188
ham,1189
ham,1190
ham,1191
ham,1192
spam,1193
ham,1194
spam,1195
ham,1196
ham,1197
ham,1198
ham,1199
ham,1200
ham,1201
ham,1202
ham,1203
spam,1204
ham,1205
spam,1206
ham,1207
ham,1208
ham,1209
ham,1210
ham,1211
ham,1212
ham,1213
ham,1214
ham,1215
spam,1216
ham,1217
ham,1218
ham,1219
spam,1220
ham,1221
ham,1222
ham,1223
spam,1224
ham,1225
spam,1226
ham,1227
spam,1228
ham,1229
ham,1230
ham,1231
ham,1232
ham,1233
ham,1234
ham,1235
ham,1236
ham,1237
ham,1238
ham,1239
ham,1240
ham,1241
ham,1242
ham,1243
ham,1244
ham,1245
ham,1246
ham,1247
ham,1248
ham,1249
ham,1250
spam,1251
ham,1252
ham,1253
ham,1254
ham,1255
ham,1256
ham,1257
ham,1258
ham,1259
ham,1260
ham,1261
spam,1262
ham,1263
ham,1264
ham,1265
ham,1266
ham,1267
spam,1268
ham,1269
ham,1270
ham,1271
ham,1272
spam,1273
ham,1274
ham,1275
ham,1276
ham,1277
ham,1278
ham,1279
ham,1280
ham,1281
ham,1282
ham,1283
ham,1284
ham,1285
ham,1286
ham,1287
ham,1288
ham,1289
ham,1290
ham,1291
ham,1292
ham,1293
ham,1294
ham,1295
ham,1296
ham,1297
ham,1298
ham,1299
ham,1300
ham,1301
ham,1302
ham,1303
ham,1304
ham,1305
spam,1306
spam,1307
ham,1308
ham,1309
ham,1310
ham,1311
ham,1312
ham,1313
ham,1314
ham,1315
ham,1316
spam,1317
ham,1318
ham,1319
ham,1320
ham,1321
ham,1322
ham,1323
ham,1324
ham,1325
ham,1326
spam,1327
ham,1328
ham,1329
ham,1330
ham,1331
ham,1332
ham,1333
ham,1334
ham,1335
ham,1336
ham,1337
ham,1338
ham,1339
ham,1340
ham,1341
ham,1342
ham,1343
ham,1344
ham,1345
ham,1346
ham,1347
ham,1348
spam,1349
ham,1350
ham,1351
ham,1352
ham,1353
ham,1354
ham,1355
ham,1356
ham,1357
ham,1358
ham,1359
ham,1360
ham,1361
ham,1362
ham,1363
ham,1364
spam,1365
ham,1366
ham,1367
ham,1368
ham,1369
ham,1370
ham,1371
ham,1372
spam,1373
spam,1374
ham,1375
ham,1376
spam,1377
ham,1378
spam,1379
ham,1380
ham,1381
ham,1382
ham,1383
ham,1384
ham,1385
ham,1386
ham,1387
ham,1388
ham,1389
ham,1390
ham,1391
ham,1392
ham,1393
ham,1394
ham,1395
ham,1396
ham,1397
ham,1398
ham,1399
ham,1400
ham,1401
ham,1402
ham,1403
ham,1404
ham,1405
spam,1406
ham,1407
ham,1408
ham,1409
ham,1410
ham,1411
ham,1412
spam,1413
ham,1414
ham,1415
ham,1416
ham,1417
ham,1418
ham,1419
ham,1420
ham,1421
spam,1422
ham,1423
ham,1424
ham,1425
ham,1426
ham,1427
ham,1428
spam,1429
ham,1430
ham,1431
ham,1432
ham,1433
ham,1434
ham,1435
ham,1436
ham,1437
ham,1438
ham,1439
ham,1440
ham,1441
ham,1442
spam,1443
ham,1444
ham,1445
ham,1446
ham,1447
spam,1448
ham,1449
ham,1450
ham,1451
ham,1452
ham,1453
ham,1454
spam,1455
ham,1456
spam,1457
ham,1458
spam,1459
ham,1460
ham,1461
spam,1462
ham,1463
ham,1464
spam,1465
ham,1466
ham,1467
spam,1468
ham,1469
ham,1470
ham,1471
ham,1472
ham,1473
ham,1474
ham,1475
ham,1476
ham,1477
ham,1478
ham,1479
ham,1480
ham,1481
ham,1482
ham,1483
ham,1484
ham,1485
ham,1486
ham,1487
ham,1488
ham,1489
ham,1490
spam,1491
ham,1492
ham,1493
ham,1494
ham,1495
ham,1496
ham,1497
ham,1498
spam,1499
ham,1500
spam,1501
ham,1502
ham,1503
ham,1504
ham,1505
spam,1506
ham,1507
ham,1508
ham,1509
ham,1510
ham,1511
ham,1512
ham,1513
ham,1514
ham,1515
ham,1516
spam,1517
ham,1518
ham,1519
spam,1520
ham,1521
ham,1522
ham,1523
ham,1524
ham,1525
ham,1526
ham,1527
ham,1528
ham,1529
ham,1530
ham,1531
ham,1532
ham,1533
ham,1534
spam,1535
ham,1536
ham,1537
ham,1538
ham,1539
ham,1540
ham,1541
ham,1542
spam,1543
ham,1544
ham,1545
ham,1546
ham,1547
ham,1548
ham,1549
ham,1550
ham,1551
ham,1552
ham,1553
ham,1554
ham,1555
ham,1556
ham,1557
ham,1558
ham,1559
ham,1560
ham,1561
ham,1562
ham,1563
ham,1564
ham,1565
ham,1566
ham,1567
ham,1568
ham,1569
ham,1570
ham,1571
spam,1572
spam,1573
ham,1574
ham,1575
ham,1576
ham,1577
ham,1578
ham,1579
ham,1580
ham,1581
ham,1582
ham,1583
ham,1584
ham,1585
ham,1586
ham,1587
ham,1588
ham,1589
ham,1590
ham,1591
ham,1592
spam,1593
ham,1594
ham,1595
spam,1596
spam,1597
ham,1598
ham,1599
ham,1600
ham,1601
ham,1602
ham,1603
ham,1604
ham,1605
ham,1606
ham,1607
ham,1608
ham,1609
ham,1610
ham,1611
spam,1612
ham,1613
ham,1614
ham,1615
ham,1616
ham,1617
ham,1618
ham,1619
ham,1620
ham,1621
spam,1622
ham,1623
spam,1624
ham,1625
ham,1626
spam,1627
ham,1628
ham,1629
ham,1630
ham,1631
ham,1632
ham,1633
spam,1634
ham,1635
ham,1636
spam,1637
ham,1638
spam,1639
ham,1640
ham,1641
ham,1642
ham,1643
ham,1644
ham,1645
ham,1646
ham,1647
ham,1648
ham,1649
ham,1650
ham,1651
spam,1652
ham,1653
ham,1654
ham,1655
ham,1656
ham,1657
spam,1658
ham,1659
ham,1660
ham,1661
spam,1662
ham,1663
ham,1664
ham,1665
ham,1666
ham,1667
ham,1668
ham,1669
ham,1670
ham,1671
spam,1672
spam,1673
ham,1674
ham,1675
ham,1676
ham,1677
ham,1678
ham,1679
ham,1680
ham,1681
ham,1682
ham,1683
ham,1684
ham,1685
spam,1686
spam,1687
ham,1688
ham,1689
spam,1690
ham,1691
ham,1692
ham,1693
ham,1694
ham,1695
ham,1696
ham,1697
spam,1698
ham,1699
ham,1700
ham,1701
ham,1702
ham,1703
ham,1704
ham,1705
ham,1706
ham,1707
ham,1708
ham,1709
ham,1710
ham,1711
ham,1712
spam,1713
ham,1714
ham,1715
ham,1716
spam,1717
ham,1718
ham,1719
ham,1720
ham,1721
ham,1722
ham,1723
ham,1724
ham,1725
ham,1726
ham,1727
ham,1728
ham,1729
ham,1730
ham,1731
ham,1732
spam,1733
ham,1734
ham,1735
ham,1736
ham,1737
ham,1738
ham,1739
spam,1740
ham,1741
ham,1742
ham,1743
spam,1744
ham,1745
ham,1746
ham,1747
ham,1748
ham,1749
ham,1750
ham,1751
ham,1752
ham,1753
ham,1754
ham,1755
ham,1756
ham,1757
ham,1758
ham,1759
ham,1760
ham,1761
ham,1762
ham,1763
spam,1764
ham,1765
spam,1766
ham,1767
ham,1768
ham,1769
ham,1770
ham,1771
ham,1772
ham,1773
ham,1774
ham,1775
spam,1776
spam,1777
ham,1778
spam,1779
spam,1780
ham,1781
ham,1782
ham,1783
ham,1784
ham,1785
ham,1786
ham,1787
ham,1788
ham,1789
ham,1790
ham,1791
spam,1792
ham,1793
ham,1794
ham,1795
ham,1796
ham,1797
ham,1798
ham,1799
ham,1800
ham,1801
ham,1802
ham,1803
ham,1804
ham,1805
spam,1806
ham,1807
ham,1808
ham,1809
ham,1810
ham,1811
ham,1812
ham,1813
ham,1814
ham,1815
ham,1816
ham,1817
ham,1818
ham,1819
ham,1820
ham,1821
ham,1822
ham,1823
ham,1824
ham,1825
ham,1826
ham,1827
ham,1828
spam,1829
ham,1830
ham,1831
ham,1832
ham,1833
ham,1834
ham,1835
ham,1836
ham,1837
spam,1838
ham,1839
ham,1840
ham,1841
ham,1842
ham,1843
ham,1844
ham,1845
ham,1846
spam,1847
ham,1848
ham,1849
ham,1850
ham,1851
spam,1852
ham,1853
ham,1854
ham,1855
ham,1856
ham,1857
ham,1858
ham,1859
ham,1860
ham,1861
ham,1862
ham,1863
ham,1864
ham,1865
ham,1866
ham,1867
ham,1868
ham,1869
ham,1870
ham,1871
ham,1872
spam,1873
spam,1874
spam,1875
ham,1876
ham,1877
ham,1878
spam,1879
ham,1880
ham,1881
ham,1882
ham,1883
ham,1884
ham,1885
spam,1886
spam,1887
ham,1888
ham,1889
ham,1890
ham,1891
spam,1892
ham,1893
spam,1894
ham,1895
ham,1896
ham,1897
ham,1898
ham,1899
ham,1900
ham,1901
ham,1902
spam,1903
ham,1904
ham,1905
ham,1906
ham,1907
ham,1908
ham,1909
ham,1910
ham,1911
ham,1912
ham,1913
spam,1914
ham,1915
ham,1916
ham,1917
ham,1918
ham,1919
ham,1920
ham,1921
ham,1922
ham,1923
ham,1924
ham,1925
ham,1926
ham,1927
spam,1928
spam,1929
ham,1930
ham,1931
ham,1932
ham,1933
ham,1934
ham,1935
ham,1936
ham,1937
ham,1938
spam,1939
ham,1940
spam,1941
ham,1942
ham,1943
ham,1944
ham,1945
ham,1946
ham,1947
ham,1948
ham,1949
ham,1950
ham,1951
ham,1952
ham,1953
ham,1954
ham,1955
ham,1956
ham,1957
ham,1958
ham,1959
spam,1960
ham,1961
spam,1962
ham,1963
ham,1964
ham,1965
ham,1966
ham,1967
ham,1968
spam,1969
ham,1970
ham,1971
ham,1972
ham,1973
ham,1974
ham,1975
ham,1976
spam,1977
ham,1978
ham,1979
ham,1980
ham,1981
ham,1982
ham,1983
spam,1984
ham,1985
ham,1986
ham,1987
ham,1988
ham,1989
ham,1990
ham,1991
spam,1992
ham,1993
ham,1994
ham,1995
ham,1996
ham,1997
ham,1998
ham,1999
ham,2000
ham,2001
spam,2002
ham,2003
ham,2004
ham,2005
ham,2006
ham,2007
ham,2008
ham,2009
ham,2010
ham,2011
ham,2012
spam,2013
ham,2014
ham,2015
ham,2016
ham,2017
ham,2018
ham,2019
ham,2020
ham,2021
spam,2022
ham,2023
ham,2024
ham,2025
ham,2026
ham,2027
ham,2028
ham,2029
ham,2030
ham,2031
ham,2032
ham,2033
ham,2034
ham,2035
ham,2036
ham,2037
ham,2038
ham,2039
ham,2040
ham,2041
ham,2042
spam,2043
ham,2044
ham,2045
ham,2046
ham,2047
ham,2048
ham,2049
ham,2050
ham,2051
spam,2052
ham,2053
ham,2054
ham,2055
ham,2056
ham,2057
ham,2058
ham,2059
ham,2060
ham,2061
ham,2062
spam,2063
ham,2064
ham,2065
ham,2066
ham,2067
ham,2068
spam,2069
spam,2070
ham,2071
ham,2072
spam,2073
ham,2074
ham,2075
ham,2076
ham,2077
spam,2078
ham,2079
ham,2080
ham,2081
ham,2082
ham,2083
ham,2084
ham,2085
ham,2086
ham,2087
spam,2088
ham,2089
ham,2090
ham,2091
ham,2092
spam,2093
spam,2094
ham,2095
ham,2096
ham,2097
ham,2098
spam,2099
ham,2100
ham,2101
ham,2102
ham,2103
ham,2104
ham,2105
ham,2106
ham,2107
spam,2108
ham,2109
ham,2110
ham,2111
spam,2112
ham,2113
spam,2114
ham,2115
ham,2116
ham,2117
spam,2118
ham,2119
ham,2120
ham,2121
ham,2122
spam,2123
ham,2124
ham,2125
ham,2126
ham,2127
ham,2128
ham,2129
ham,2130
ham,2131
spam,2132
ham,2133
ham,2134
ham,2135
ham,2136
ham,2137
ham,2138
ham,2139
ham,2140
ham,2141
ham,2142
ham,2143
spam,2144
spam,2145
ham,2146
ham,2147
ham,2148
ham,2149
ham,2150
ham,2151
ham,2152
ham,2153
ham,2154
ham,2155
ham,2156
ham,2157
ham,2158
spam,2159
ham,2160
ham,2161
ham,2162
ham,2163
ham,2164
ham,2165
ham,2166
ham,2167
ham,2168
spam,2169
ham,2170
ham,2171
ham,2172
ham,2173
ham,2174
ham,2175
ham,2176
ham,2177
ham,2178
ham,2179
ham,2180
ham,2181
ham,2182
ham,2183
ham,2184
ham,2185
ham,2186
ham,2187
spam,2188
ham,2189
ham,2190
ham,2191
ham,2192
ham,2193
ham,2194
ham,2195
ham,2196
ham,2197
ham,2198
ham,2199
ham,2200
ham,2201
ham,2202
ham,2203
ham,2204
ham,2205
spam,2206
ham,2207
spam,2208
ham,2209
ham,2210
ham,2211
ham,2212
ham,2213
ham,2214
ham,2215
ham,2216
ham,2217
ham,2218
spam,2219
ham,2220
ham,2221
ham,2222
spam,2223
ham,2224
ham,2225
ham,2226
ham,2227
ham,2228
ham,2229
ham,2230
ham,2231
ham,2232
ham,2233
ham,2234
ham,2235
ham,2236
ham,2237
ham,2238
ham,2239
ham,2240
ham,2241
ham,2242
ham,2243
ham,2244
ham,2245
spam,2246
spam,2247
ham,2248
spam,2249
ham,2250
ham,2251
ham,2252
ham,2253
ham,2254
ham,2255
ham,2256
ham,2257
ham,2258
ham,2259
spam,2260
ham,2261
ham,2262
spam,2263
ham,2264
ham,2265
spam,2266
ham,2267
spam,2268
ham,2269
ham,2270
ham,2271
ham,2272
ham,2273
ham,2274
ham,2275
ham,2276
ham,2277
ham,2278
ham,2279
ham,2280
ham,2281
ham,2282
ham,2283
ham,2284
ham,2285
ham,2286
ham,2287
ham,2288
spam,2289
ham,2290
ham,2291
ham,2292
ham,2293
spam,2294
ham,2295
spam,2296
ham,2297
ham,2298
spam,2299
ham,2300
ham,2301
ham,2302
ham,2303
ham,2304
ham,2305
ham,2306
spam,2307
spam,2308
ham,2309
spam,2310
spam,2311
spam,2312
ham,2313
ham,2314
ham,2315
ham,2316
ham,2317
ham,2318
ham,2319
ham,2320
ham,2321
ham,2322
ham,2323
ham,2324
ham,2325
ham,2326
spam,2327
ham,2328
ham,2329
ham,2330
ham,2331
ham,2332
ham,2333
ham,2334
ham,2335
ham,2336
ham,2337
ham,2338
ham,2339
ham,2340
ham,2341
spam,2342
ham,2343
ham,2344
ham,2345
ham,2346
ham,2347
ham,2348
ham,2349
ham,2350
spam,2351
ham,2352
spam,2353
ham,2354
ham,2355
ham,2356
ham,2357
ham,2358
spam,2359
ham,2360
ham,2361
ham,2362
spam,2363
ham,2364
ham,2365
spam,2366
ham,2367
ham,2368
ham,2369
ham,2370
ham,2371
ham,2372
spam,2373
ham,2374
ham,2375
ham,2376
spam,2377
ham,2378
ham,2379
ham,2380
ham,2381
ham,2382
ham,2383
ham,2384
spam,2385
ham,2386
ham,2387
ham,2388
ham,2389
ham,2390
ham,2391
ham,2392
ham,2393
ham,2394
ham,2395
ham,2396
ham,2397
ham,2398
ham,2399
ham,2400
spam,2401
ham,2402
ham,2403
ham,2404
ham,2405
ham,2406
ham,2407
ham,2408
ham,2409
ham,2410
ham,2411
spam,2412
ham,2413
ham,2414
ham,2415
ham,2416
ham,2417
ham,2418
spam,2419
ham,2420
ham,2421
ham,2422
ham,2423
ham,2424
ham,2425
spam,2426
ham,2427
ham,2428
spam,2429
ham,2430
ham,2431
ham,2432
ham,2433
ham,2434
ham,2435
ham,2436
spam,2437
ham,2438
ham,2439
ham,2440
ham,2441
ham,2442
ham,2443
ham,2444
ham,2445
ham,2446
ham,2447
ham,2448
ham,2449
ham,2450
ham,2451
ham,2452
ham,2453
ham,2454
ham,2455
ham,2456
ham,2457
ham,2458
ham,2459
ham,2460
ham,2461
ham,2462
ham,2463
ham,2464
ham,2465
ham,2466
ham,2467
ham,2468
ham,2469
ham,2470
ham,2471
spam,2472
ham,2473
ham,2474
ham,2475
ham,2476
ham,2477
ham,2478
spam,2479
spam,2480
ham,2481
ham,2482
ham,2483
ham,2484
ham,2485
ham,2486
ham,2487
ham,2488
ham,2489
ham,2490
ham,2491
ham,2492
ham,2493
ham,2494
spam,2495
ham,2496
ham,2497
ham,2498
ham,2499
ham,2500
ham,2501
ham,2502
ham,2503
ham,2504
ham,2505
ham,2506
ham,2507
ham,2508
ham,2509
ham,2510
ham,2511
ham,2512
spam,2513
ham,2514
ham,2515
ham,2516
ham,2517
ham,2518
ham,2519
ham,2520
ham,2521
ham,2522
ham,2523
spam,2524
ham,2525
ham,2526
ham,2527
ham,2528
ham,2529
ham,2530
ham,2531
ham,2532
ham,2533
ham,2534
ham,2535
ham,2536
ham,2537
ham,2538
ham,2539
ham,2540
ham,2541
ham,2542
ham,2543
ham,2544
ham,2545
ham,2546
spam,2547
ham,2548
ham,2549
ham,2550
ham,2551
ham,2552
ham,2553
ham,2554
spam,2555
ham,2556
spam,2557
ham,2558
ham,2559
ham,2560
ham,2561
ham,2562
ham,2563
ham,2564
ham,2565
ham,2566
ham,2567
ham,2568
ham,2569
ham,2570
ham,2571
ham,2572
spam,2573
spam,2574
ham,2575
ham,2576
ham,2577
ham,2578
ham,2579
spam,2580
ham,2581
spam,2582
ham,2583
ham,2584
ham,2585
ham,2586
ham,2587
ham,2588
spam,2589
ham,2590
ham,2591
ham,2592
ham,2593
ham,2594
spam,2595
ham,2596
ham,2597
ham,2598
ham,2599
ham,2600
ham,2601
ham,2602
ham,2603
ham,2604
ham,2605
ham,2606
ham,2607
ham,2608
ham,2609
ham,2610
spam,2611
ham,2612
ham,2613
ham,2614
ham,2615
ham,2616
ham,2617
ham,2618
spam,2619
ham,2620
ham,2621
ham,2622
ham,2623
ham,2624
spam,2625
ham,2626
ham,2627
ham,2628
ham,2629
ham,2630
spam,2631
ham,2632
ham,2633
ham,2634
ham,2635
ham,2636
ham,2637
ham,2638
ham,2639
ham,2640
spam,2641
ham,2642
ham,2643
ham,2644
ham,2645
ham,2646
ham,2647
ham,2648
ham,2649
ham,2650
ham,2651
ham,2652
ham,2653
ham,2654
ham,2655
ham,2656
ham,2657
ham,2658
ham,2659
ham,2660
ham,2661
spam,2662
spam,2663
ham,2664
ham,2665
ham,2666
ham,2667
spam,2668
spam,2669
ham,2670
ham,2671
ham,2672
ham,2673
ham,2674
ham,2675
ham,2676
ham,2677
ham,2678
spam,2679
ham,2680
ham,2681
ham,2682
ham,2683
ham,2684
spam,2685
ham,2686
ham,2687
ham,2688
ham,2689
spam,2690
ham,2691
spam,2692
ham,2693
ham,2694
ham,2695
ham,2696
ham,2697
spam,2698
ham,2699
ham,2700
ham,2701
ham,2702
ham,2703
spam,2704
ham,2705
ham,2706
spam,2707
ham,2708
ham,2709
spam,2710
ham,2711
ham,2712
ham,2713
ham,2714
ham,2715
ham,2716
ham,2717
spam,2718
ham,2719
ham,2720
ham,2721
ham,2722
ham,2723
ham,2724
ham,2725
ham,2726
ham,2727
spam,2728
spam,2729
ham,2730
ham,2731
ham,2732
ham,2733
ham,2734
ham,2735
ham,2736
ham,2737
ham,2738
ham,2739
ham,2740
spam,2741
ham,2742
ham,2743
ham,2744
ham,2745
ham,2746
ham,2747
ham,2748
ham,2749
ham,2750
ham,2751
ham,2752
ham,2753
ham,2754
ham,2755
ham,2756
ham,2757
ham,2758
ham,2759
ham,2760
ham,2761
ham,2762
ham,2763
ham,2764
ham,2765
spam,2766
ham,2767
ham,2768
spam,2769
ham,2770
ham,2771
ham,2772
spam,2773
ham,2774
ham,2775
ham,2776
ham,2777
spam,2778
ham,2779
ham,2780
ham,2781
ham,2782
ham,2783
ham,2784
ham,2785
ham,2786
ham,2787
ham,2788
ham,2789
spam,2790
ham,2791
ham,2792
ham,2793
ham,2794
ham,2795
ham,2796
ham,2797
ham,2798
ham,2799
ham,2800
ham,2801
ham,2802
spam,2803
ham,2804
ham,2805
ham,2806
spam,2807
ham,2808
ham,2809
ham,2810
ham,2811
ham,2812
ham,2813
ham,2814
ham,2815
ham,2816
spam,2817
ham,2818
ham,2819
spam,2820
ham,2821
spam,2822
ham,2823
ham,2824
spam,2825
ham,2826
ham,2827
ham,2828
spam,2829
ham,2830
ham,2831
ham,2832
spam,2833
ham,2834
ham,2835
ham,2836
ham,2837
ham,2838
ham,2839
ham,2840
ham,2841
ham,2842
ham,2843
ham,2844
ham,2845
ham,2846
spam,2847
ham,2848
spam,2849
ham,2850
ham,2851
ham,2852
ham,2853
ham,2854
ham,2855
ham,2856
ham,2857
ham,2858
ham,2859
ham,2860
ham,2861
spam,2862
ham,2863
ham,2864
ham,2865
ham,2866
ham,2867
ham,2868
ham,2869
spam,2870
ham,2871
ham,2872
ham,2873
ham,2874
ham,2875
ham,2876
ham,2877
spam,2878
ham,2879
spam,2880
ham,2881
ham,2882
ham,2883
ham,2884
ham,2885
ham,2886
ham,2887
ham,2888
ham,2889
ham,2890
ham,2891
ham,2892
ham,2893
ham,2894
ham,2895
spam,2896
ham,2897
ham,2898
ham,2899
ham,2900
spam,2901
ham,2902
ham,2903
ham,2904
ham,2905
ham,2906
ham,2907
ham,2908
spam,2909
ham,2910
ham,2911
ham,2912
ham,2913
spam,2914
ham,2915
ham,2916
ham,2917
ham,2918
ham,2919
ham,2920
ham,2921
ham,2922
ham,2923
ham,2924
ham,2925
ham,2926
ham,2927
ham,2928
ham,2929
ham,2930
ham,2931
ham,2932
ham,2933
ham,2934
ham,2935
ham,2936
ham,2937
ham,2938
ham,2939
spam,2940
ham,2941
ham,2942
ham,2943
spam,2944
ham,2945
ham,2946
ham,2947
ham,2948
ham,2949
ham,2950
ham,2951
ham,2952
spam,2953
ham,2954
ham,2955
ham,2956
ham,2957
spam,2958
ham,2959
ham,2960
ham,2961
ham,2962
ham,2963
spam,2964
ham,2965
ham,2966
ham,2967
ham,2968
ham,2969
ham,2970
ham,2971
ham,2972
ham,2973
ham,2974
ham,2975
ham,2976
ham,2977
ham,2978
spam,2979
ham,2980
ham,2981
ham,2982
ham,2983
ham,2984
ham,2985
spam,2986
ham,2987
ham,2988
spam,2989
ham,2990
spam,2991
ham,2992
ham,2993
ham,2994
ham,2995
ham,2996
ham,2997
ham,2998
ham,2999
ham,3000
spam,3001
ham,3002
ham,3003
spam,3004
ham,3005
ham,3006
ham,3007
spam,3008
spam,3009
ham,3010
ham,3011
ham,3012
spam,3013
ham,3014
ham,3015
ham,3016
ham,3017
ham,3018
ham,3019
ham,3020
ham,3021
ham,3022
ham,3023
ham,3024
ham,3025
ham,3026
ham,3027
ham,3028
ham,3029
ham,3030
ham,3031
ham,3032
ham,3033
ham,3034
ham,3035
ham,3036
ham,3037
ham,3038
ham,3039
ham,3040
ham,3041
ham,3042
ham,3043
ham,3044
ham,3045
ham,3046
ham,3047
ham,3048
ham,3049
ham,3050
ham,3051
ham,3052
ham,3053
ham,3054
spam,3055
ham,3056
ham,3057
spam,3058
ham,3059
ham,3060
ham,3061
ham,3062
spam,3063
ham,3064
ham,3065
spam,3066
ham,3067
ham,3068
ham,3069
ham,3070
ham,3071
ham,3072
ham,3073
ham,3074
ham,3075
ham,3076
ham,3077
ham,3078
ham,3079
ham,3080
ham,3081
ham,3082
ham,3083
ham,3084
ham,3085
ham,3086
ham,3087
ham,3088
ham,3089
ham,3090
spam,3091
ham,3092
ham,3093
ham,3094
ham,3095
ham,3096
ham,3097
ham,3098
ham,3099
ham,3100
ham,3101
ham,3102
ham,3103
ham,3104
ham,3105
ham,3106
ham,3107
ham,3108
ham,3109
spam,3110
ham,3111
ham,3112
ham,3113
ham,3114
ham,3115
ham,3116
ham,3117
ham,3118
ham,3119
ham,3120
ham,3121
spam,3122
ham,3123
ham,3124
spam,3125
ham,3126
ham,3127
ham,3128
ham,3129
ham,3130
spam,3131
ham,3132
ham,3133
ham,3134
ham,3135
ham,3136
ham,3137
ham,3138
ham,3139
spam,3140
ham,3141
ham,3142
ham,3143
ham,3144
ham,3145
ham,3146
ham,3147
ham,3148
ham,3149
ham,3150
ham,3151
spam,3152
ham,3153
spam,3154
ham,3155
ham,3156
ham,3157
ham,3158
ham,3159
ham,3160
ham,3161
ham,3162
spam,3163
ham,3164
ham,3165
spam,3166
ham,3167
ham,3168
ham,3169
ham,3170
ham,3171
ham,3172
spam,3173
ham,3174
spam,3175
ham,3176
ham,3177
ham,3178
ham,3179
ham,3180
ham,3181
ham,3182
ham,3183
ham,3184
ham,3185
ham,3186
ham,3187
spam,3188
ham,3189
ham,3190
spam,3191
ham,3192
ham,3193
ham,3194
ham,3195
ham,3196
ham,3197
ham,3198
ham,3199
ham,3200
ham,3201
ham,3202
ham,3203
ham,3204
ham,3205
ham,3206
ham,3207
ham,3208
ham,3209
ham,3210
ham,3211
ham,3212
ham,3213
ham,3214
ham,3215
spam,3216
ham,3217
ham,3218
ham,3219
ham,3220
spam,3221
ham,3222
ham,3223
ham,3224
ham,3225
ham,3226
ham,3227
spam,3228
spam,3229
ham,3230
ham,3231
ham,3232
ham,3233
ham,3234
ham,3235
ham,3236
ham,3237
ham,3238
ham,3239
ham,3240
ham,3241
ham,3242
ham,3243
ham,3244
ham,3245
ham,3246
ham,3247
ham,3248
ham,3249
ham,3250
ham,3251
ham,3252
ham,3253
ham,3254
ham,3255
ham,3256
ham,3257
ham,3258
spam,3259
ham,3260
ham,3261
ham,3262
ham,3263
ham,3264
spam,3265
ham,3266
ham,3267
ham,3268
ham,3269
ham,3270
spam,3271
ham,3272
ham,3273
ham,3274
ham,3275
ham,3276
ham,3277
ham,3278
ham,3279
ham,3280
ham,3281
ham,3282
ham,3283
ham,3284
ham,3285
ham,3286
ham,3287
spam,3288
spam,3289
ham,3290
ham,3291
ham,3292
ham,3293
ham,3294
ham,3295
ham,3296
spam,3297
spam,3298
ham,3299
ham,3300
spam,3301
ham,3302
ham,3303
ham,3304
ham,3305
ham,3306
ham,3307
ham,3308
ham,3309
ham,3310
ham,3311
ham,3312
ham,3313
ham,3314
spam,3315
ham,3316
ham,3317
ham,3318
ham,3319
ham,3320
ham,3321
ham,3322
ham,3323
ham,3324
ham,3325
ham,3326
ham,3327
ham,3328
ham,3329
ham,3330
ham,3331
ham,3332
spam,3333
ham,3334
ham,3335
ham,3336
ham,3337
ham,3338
ham,3339
ham,3340
ham,3341
ham,3342
ham,3343
ham,3344
ham,3345
ham,3346
ham,3347
ham,3348
ham,3349
ham,3350
ham,3351
ham,3352
ham,3353
ham,3354
ham,3355
ham,3356
ham,3357
ham,3358
spam,3359
ham,3360
ham,3361
ham,3362
ham,3363
ham,3364
ham,3365
ham,3366
ham,3367
ham,3368
ham,3369
ham,3370
ham,3371
ham,3372
ham,3373
ham,3374
ham,3375
ham,3376
ham,3377
ham,3378
ham,3379
ham,3380
spam,3381
ham,3382
ham,3383
spam,3384
ham,3385
ham,3386
ham,3387
ham,3388
ham,3389
spam,3390
ham,3391
ham,3392
ham,3393
ham,3394
ham,3395
spam,3396
ham,3397
ham,3398
ham,3399
spam,3400
ham,3401
ham,3402
ham,3403
ham,3404
ham,3405
ham,3406
ham,3407
spam,3408
ham,3409
ham,3410
ham,3411
ham,3412
ham,3413
ham,3414
ham,3415
ham,3416
ham,3417
spam,3418
spam,3419
spam,3420
spam,3421
spam,3422
spam,3423
spam,3424
ham,3425
ham,3426
ham,3427
ham,3428
ham,3429
ham,3430
ham,3431
spam,3432
ham,3433
ham,3434
ham,3435
ham,3436
ham,3437
ham,3438
ham,3439
ham,3440
spam,3441
spam,3442
ham,3443
ham,3444
ham,3445
ham,3446
ham,3447
ham,3448
ham,3449
ham,3450
ham,3451
ham,3452
ham,3453
ham,3454
ham,3455
ham,3456
ham,3457
ham,3458
spam,3459
ham,3460
ham,3461
spam,3462
ham,3463
ham,3464
ham,3465
ham,3466
spam,3467
ham,3468
ham,3469
ham,3470
ham,3471
ham,3472
ham,3473
ham,3474
ham,3475
ham,3476
ham,3477
ham,3478
ham,3479
ham,3480
ham,3481
spam,3482
ham,3483
ham,3484
ham,3485
ham,3486
ham,3487
ham,3488
ham,3489
ham,3490
ham,3491
ham,3492
ham,3493
spam,3494
spam,3495
ham,3496
ham,3497
ham,3498
ham,3499
spam,3500
ham,3501
ham,3502
ham,3503
ham,3504
ham,3505
ham,3506
ham,3507
ham,3508
ham,3509
ham,3510
ham,3511
ham,3512
ham,3513
ham,3514
ham,3515
ham,3516
ham,3517
ham,3518
ham,3519
ham,3520
ham,3521
ham,3522
ham,3523
ham,3524
ham,3525
ham,3526
ham,3527
spam,3528
spam,3529
ham,3530
ham,3531
ham,3532
ham,3533
ham,3534
ham,3535
ham,3536
ham,3537
ham,3538
ham,3539
ham,3540
ham,3541
ham,3542
ham,3543
ham,3544
ham,3545
ham,3546
spam,3547
ham,3548
ham,3549
ham,3550
ham,3551
ham,3552
ham,3553
ham,3554
spam,3555
ham,3556
ham,3557
ham,3558
spam,3559
ham,3560
spam,3561
ham,3562
spam,3563
ham,3564
ham,3565
ham,3566
spam,3567
ham,3568
ham,3569
spam,3570
ham,3571
ham,3572
spam,3573
ham,3574
ham,3575
ham,3576
ham,3577
ham,3578
ham,3579
ham,3580
ham,3581
ham,3582
ham,3583
spam,3584
ham,3585
spam,3586
ham,3587
ham,3588
ham,3589
ham,3590
ham,3591
ham,3592
ham,3593
spam,3594
ham,3595
ham,3596
spam,3597
ham,3598
ham,3599
ham,3600
ham,3601
ham,3602
ham,3603
ham,3604
ham,3605
ham,3606
ham,3607
ham,3608
ham,3609
ham,3610
ham,3611
ham,3612
ham,3613
ham,3614
ham,3615
ham,3616
ham,3617
ham,3618
spam,3619
ham,3620
ham,3621
ham,3622
ham,3623
ham,3624
ham,3625
ham,3626
ham,3627
ham,3628
ham,3629
spam,3630
ham,3631
ham,3632
ham,3633
ham,3634
ham,3635
ham,3636
ham,3637
spam,3638
ham,3639
ham,3640
spam,3641
ham,3642
ham,3643
ham,3644
spam,3645
ham,3646
ham,3647
ham,3648
ham,3649
ham,3650
ham,3651
ham,3652
ham,3653
ham,3654
ham,3655
ham,3656
ham,3657
ham,3658
ham,3659
ham,3660
ham,3661
ham,3662
ham,3663
ham,3664
ham,3665
ham,3666
ham,3667
ham,3668
ham,3669
ham,3670
ham,3671
ham,3672
ham,3673
spam,3674
ham,3675
ham,3676
ham,3677
spam,3678
ham,3679
ham,3680
ham,3681
ham,3682
ham,3683
ham,3684
ham,3685
ham,3686
ham,3687
ham,3688
ham,3689
ham,3690
ham,3691
ham,3692
ham,3693
ham,3694
ham,3695
ham,3696
spam,3697
ham,3698
ham,3699
ham,3700
ham,3701
ham,3702
ham,3703
ham,3704
ham,3705
ham,3706
ham,3707
spam,3708
ham,3709
ham,3710
ham,3711
ham,3712
ham,3713
ham,3714
ham,3715
ham,3716
ham,3717
ham,3718
spam,3719
ham,3720
ham,3721
ham,3722
ham,3723
spam,3724
ham,3725
ham,3726
ham,3727
ham,3728
ham,3729
ham,3730
ham,3731
ham,3732
ham,3733
ham,3734
ham,3735
ham,3736
ham,3737
ham,3738
ham,3739
ham,3740
spam,3741
ham,3742
ham,3743
ham,3744
ham,3745
ham,3746
ham,3747
ham,3748
spam,3749
ham,3750
ham,3751
ham,3752
ham,3753
spam,3754
ham,3755
ham,3756
spam,3757
ham,3758
ham,3759
ham,3760
ham,3761
spam,3762
ham,3763
ham,3764
spam,3765
ham,3766
ham,3767
ham,3768
ham,3769
ham,3770
ham,3771
ham,3772
ham,3773
ham,3774
ham,3775
ham,3776
spam,3777
ham,3778
spam,3779
ham,3780
ham,3781
ham,3782
ham,3783
ham,3784
ham,3785
ham,3786
ham,3787
spam,3788
ham,3789
ham,3790
spam,3791
ham,3792
ham,3793
ham,3794
ham,3795
ham,3796
ham,3797
ham,3798
ham,3799
spam,3800
ham,3801
ham,3802
ham,3803
ham,3804
ham,3805
spam,3806
ham,3807
ham,3808
ham,3809
ham,3810
ham,3811
ham,3812
ham,3813
ham,3814
ham,3815
ham,3816
ham,3817
spam,3818
ham,3819
ham,3820
ham,3821
ham,3822
ham,3823
ham,3824
ham,3825
ham,3826
spam,3827
ham,3828
ham,3829
ham,3830
ham,3831
ham,3832
ham,3833
ham,3834
ham,3835
ham,3836
ham,3837
ham,3838
ham,3839
ham,3840
ham,3841
ham,3842
ham,3843
ham,3844
ham,3845
ham,3846
spam,3847
ham,3848
ham,3849
ham,3850
ham,3851
ham,3852
ham,3853
ham,3854
spam,3855
ham,3856
ham,3857
ham,3858
spam,3859
ham,3860
spam,3861
ham,3862
spam,3863
ham,3864
ham,3865
ham,3866
ham,3867
ham,3868
ham,3869
ham,3870
ham,3871
ham,3872
ham,3873
ham,3874
ham,3875
ham,3876
ham,3877
ham,3878
ham,3879
ham,3880
ham,3881
ham,3882
ham,3883
spam,3884
ham,3885
ham,3886
ham,3887
ham,3888
ham,3889
spam,3890
ham,3891
spam,3892
ham,3893
spam,3894
ham,3895
spam,3896
ham,3897
ham,3898
ham,3899
ham,3900
ham,3901
ham,3902
ham,3903
spam,3904
spam,3905
ham,3906
ham,3907
ham,3908
ham,3909
ham,3910
ham,3911
spam,3912
ham,3913
ham,3914
ham,3915
ham,3916
ham,3917
ham,3918
ham,3919
spam,3920
ham,3921
ham,3922
ham,3923
ham,3924
ham,3925
ham,3926
ham,3927
ham,3928
ham,3929
ham,3930
ham,3931
ham,3932
ham,3933
ham,3934
ham,3935
ham,3936
ham,3937
ham,3938
ham,3939
ham,3940
spam,3941
ham,3942
ham,3943
ham,3944
ham,3945
ham,3946
ham,3947
ham,3948
ham,3949
ham,3950
ham,3951
ham,3952
spam,3953
ham,3954
ham,3955
ham,3956
ham,3957
ham,3958
ham,3959
ham,3960
ham,3961
spam,3962
ham,3963
ham,3964
ham,3965
ham,3966
spam,3967
ham,3968
ham,3969
ham,3970
spam,3971
ham,3972
ham,3973
ham,3974
ham,3975
ham,3976
spam,3977
ham,3978
ham,3979
ham,3980
ham,3981
ham,3982
ham,3983
ham,3984
ham,3985
ham,3986
spam,3987
ham,3988
ham,3989
spam,3990
ham,3991
ham,3992
ham,3993
ham,3994
ham,3995
ham,3996
spam,3997
spam,3998
ham,3999
spam,4000
ham,4001
ham,4002
ham,4003
ham,4004
ham,4005
ham,4006
ham,4007
ham,4008
ham,4009
spam,4010
spam,4011
ham,4012
ham,4013
ham,4014
spam,4015
ham,4016
ham,4017
ham,4018
spam,4019
ham,4020
ham,4021
ham,4022
ham,4023
ham,4024
ham,4025
ham,4026
ham,4027
ham,4028
ham,4029
ham,4030
ham,4031
ham,4032
ham,4033
ham,4034
spam,4035
ham,4036
ham,4037
ham,4038
ham,4039
ham,4040
spam,4041
ham,4042
ham,4043
ham,4044
ham,4045
spam,4046
spam,4047
ham,4048
ham,4049
ham,4050
ham,4051
ham,4052
ham,4053
ham,4054
ham,4055
ham,4056
ham,4057
ham,4058
spam,4059
spam,4060
ham,4061
ham,4062
ham,4063
ham,4064
ham,4065
ham,4066
spam,4067
spam,4068
ham,4069
ham,4070
ham,4071
spam,4072
ham,4073
ham,4074
ham,4075
spam,4076
ham,4077
ham,4078
ham,4079
ham,4080
ham,4081
ham,4082
ham,4083
ham,4084
spam,4085
ham,4086
spam,4087
ham,4088
ham,4089
spam,4090
ham,4091
ham,4092
ham,4093
ham,4094
ham,4095
ham,4096
ham,4097
ham,4098
ham,4099
ham,4100
spam,4101
ham,4102
spam,4103
ham,4104
ham,4105
ham,4106
spam,4107
ham,4108
ham,4109
ham,4110
spam,4111
ham,4112
ham,4113
ham,4114
ham,4115
ham,4116
ham,4117
ham,4118
ham,4119
ham,4120
ham,4121
ham,4122
ham,4123
ham,4124
ham,4125
spam,4126
ham,4127
ham,4128
ham,4129
ham,4130
ham,4131
ham,4132
spam,4133
ham,4134
ham,4135
ham,4136
ham,4137
ham,4138
ham,4139
ham,4140
ham,4141
ham,4142
spam,4143
ham,4144
ham,4145
ham,4146
ham,4147
spam,4148
ham,4149
ham,4150
ham,4151
ham,4152
spam,4153
ham,4154
spam,4155
ham,4156
ham,4157
ham,4158
ham,4159
ham,4160
spam,4161
ham,4162
ham,4163
ham,4164
spam,4165
ham,4166
ham,4167
spam,4168
ham,4169
ham,4170
ham,4171
ham,4172
ham,4173
ham,4174
ham,4175
ham,4176
ham,4177
ham,4178
ham,4179
ham,4180
ham,4181
spam,4182
ham,4183
ham,4184
ham,4185
ham,4186
ham,4187
ham,4188
ham,4189
ham,4190
ham,4191
ham,4192
ham,4193
ham,4194
spam,4195
ham,4196
spam,4197
spam,4198
spam,4199
ham,4200
ham,4201
ham,4202
ham,4203
ham,4204
spam,4205
ham,4206
ham,4207
ham,4208
ham,4209
ham,4210
ham,4211
spam,4212
ham,4213
ham,4214
ham,4215
ham,4216
ham,4217
ham,4218
ham,4219
ham,4220
ham,4221
ham,4222
ham,4223
ham,4224
ham,4225
ham,4226
ham,4227
ham,4228
ham,4229
ham,4230
ham,4231
ham,4232
ham,4233
ham,4234
spam,4235
spam,4236
ham,4237
ham,4238
ham,4239
ham,4240
ham,4241
spam,4242
ham,4243
ham,4244
ham,4245
ham,4246
spam,4247
spam,4248
ham,4249
ham,4250
ham,4251
ham,4252
ham,4253
ham,4254
spam,4255
ham,4256
spam,4257
ham,4258
ham,4259
ham,4260
ham,4261
ham,4262
ham,4263
ham,4264
ham,4265
ham,4266
ham,4267
ham,4268
ham,4269
ham,4270
spam,4271
ham,4272
ham,4273
ham,4274
ham,4275
ham,4276
ham,4277
ham,4278
spam,4279
spam,4280
ham,4281
ham,4282
ham,4283
ham,4284
ham,4285
ham,4286
ham,4287
ham,4288
ham,4289
ham,4290
ham,4291
ham,4292
ham,4293
spam,4294
spam,4295
spam,4296
spam,4297
spam,4298
ham,4299
ham,4300
ham,4301
ham,4302
ham,4303
ham,4304
ham,4305
ham,4306
ham,4307
ham,4308
ham,4309
spam,4310
ham,4311
ham,4312
ham,4313
ham,4314
ham,4315
ham,4316
ham,4317
ham,4318
ham,4319
ham,4320
ham,4321
ham,4322
ham,4323
ham,4324
ham,4325
ham,4326
ham,4327
spam,4328
ham,4329
ham,4330
ham,4331
ham,4332
ham,4333
ham,4334
ham,4335
ham,4336
ham,4337
ham,4338
ham,4339
ham,4340
ham,4341
ham,4342
ham,4343
ham,4344
ham,4345
ham,4346
spam,4347
ham,4348
ham,4349
ham,4350
ham,4351
ham,4352
ham,4353
spam,4354
ham,4355
ham,4356
ham,4357
spam,4358
ham,4359
ham,4360
ham,4361
ham,4362
ham,4363
ham,4364
ham,4365
ham,4366
ham,4367
ham,4368
ham,4369
spam,4370
ham,4371
spam,4372
ham,4373
ham,4374
spam,4375
spam,4376
ham,4377
ham,4378
ham,4379
ham,4380
ham,4381
ham,4382
ham,4383
ham,4384
spam,4385
ham,4386
ham,4387
ham,4388
ham,4389
ham,4390
ham,4391
ham,4392
spam,4393
ham,4394
ham,4395
ham,4396
ham,4397
ham,4398
ham,4399
ham,4400
ham,4401
ham,4402
ham,4403
ham,4404
ham,4405
spam,4406
ham,4407
ham,4408
spam,4409
ham,4410
ham,4411
ham,4412
ham,4413
ham,4414
ham,4415
ham,4416
ham,4417
ham,4418
ham,4419
ham,4420
ham,4421
ham,4422
ham,4423
ham,4424
ham,4425
ham,4426
ham,4427
ham,4428
ham,4429
ham,4430
ham,4431
ham,4432
ham,4433
ham,4434
spam,4435
ham,4436
ham,4437
ham,4438
ham,4439
ham,4440
ham,4441
ham,4442
ham,4443
ham,4444
ham,4445
ham,4446
ham,4447
ham,4448
spam,4449
ham,4450
ham,4451
ham,4452
ham,4453
ham,4454
ham,4455
ham,4456
ham,4457
ham,4458
spam,4459
ham,4460
ham,4461
ham,4462
ham,4463
ham,4464
ham,4465
ham,4466
ham,4467
ham,4468
ham,4469
ham,4470
ham,4471
spam,4472
ham,4473
spam,4474
ham,4475
ham,4476
ham,4477
ham,4478
ham,4479
ham,4480
ham,4481
ham,4482
ham,4483
ham,4484
ham,4485
ham,4486
ham,4487
ham,4488
ham,4489
ham,4490
ham,4491
ham,4492
ham,4493
ham,4494
ham,4495
ham,4496
ham,4497
spam,4498
spam,4499
ham,4500
ham,4501
ham,4502
ham,4503
ham,4504
spam,4505
ham,4506
ham,4507
ham,4508
ham,4509
ham,4510
ham,4511
ham,4512
spam,4513
ham,4514
ham,4515
spam,4516
ham,4517
ham,4518
ham,4519
ham,4520
ham,4521
ham,4522
ham,4523
ham,4524
ham,4525
spam,4526
ham,4527
ham,4528
ham,4529
ham,4530
ham,4531
ham,4532
spam,4533
ham,4534
ham,4535
ham,4536
ham,4537
ham,4538
ham,4539
ham,4540
ham,4541
spam,4542
ham,4543
ham,4544
ham,4545
ham,4546
ham,4547
ham,4548
ham,4549
ham,4550
ham,4551
ham,4552
ham,4553
ham,4554
ham,4555
ham,4556
ham,4557
ham,4558
ham,4559
ham,4560
ham,4561
ham,4562
ham,4563
ham,4564
ham,4565
ham,4566
ham,4567
ham,4568
ham,4569
spam,4570
ham,4571
ham,4572
spam,4573
ham,4574
ham,4575
spam,4576
spam,4577
spam,4578
ham,4579
ham,4580
ham,4581
ham,4582
spam,4583
ham,4584
spam,4585
spam,4586
ham,4587
ham,4588
ham,4589
ham,4590
spam,4591
ham,4592
ham,4593
ham,4594
ham,4595
ham,4596
ham,4597
ham,4598
ham,4599
ham,4600
spam,4601
ham,4602
ham,4603
ham,4604
ham,4605
ham,4606
ham,4607
ham,4608
ham,4609
ham,4610
ham,4611
ham,4612
ham,4613
ham,4614
spam,4615
ham,4616
ham,4617
ham,4618
ham,4619
ham,4620
ham,4621
ham,4622
ham,4623
ham,4624
ham,4625
ham,4626
spam,4627
spam,4628
ham,4629
ham,4630
ham,4631
ham,4632
ham,4633
ham,4634
ham,4635
ham,4636
ham,4637
ham,4638
ham,4639
ham,4640
ham,4641
spam,4642
ham,4643
ham,4644
ham,4645
spam,4646
ham,4647
ham,4648
ham,4649
ham,4650
spam,4651
ham,4652
ham,4653
ham,4654
ham,4655
ham,4656
spam,4657
ham,4658
ham,4659
ham,4660
ham,4661
ham,4662
ham,4663
ham,4664
ham,4665
ham,4666
ham,4667
ham,4668
ham,4669
ham,4670
ham,4671
spam,4672
ham,4673
ham,4674
spam,4675
ham,4676
ham,4677
ham,4678
ham,4679
ham,4680
ham,4681
ham,4682
ham,4683
ham,4684
ham,4685
ham,4686
ham,4687
ham,4688
ham,4689
ham,4690
ham,4691
ham,4692
ham,4693
ham,4694
spam,4695
ham,4696
ham,4697
ham,4698
ham,4699
spam,4700
ham,4701
ham,4702
ham,4703
ham,4704
ham,4705
ham,4706
ham,4707
ham,4708
ham,4709
ham,4710
ham,4711
ham,4712
ham,4713
ham,4714
ham,4715
ham,4716
ham,4717
ham,4718
ham,4719
ham,4720
ham,4721
ham,4722
ham,4723
spam,4724
ham,4725
ham,4726
spam,4727
ham,4728
ham,4729
ham,4730
ham,4731
ham,4732
ham,4733
spam,4734
ham,4735
ham,4736
ham,4737
ham,4738
ham,4739
ham,4740
ham,4741
ham,4742
ham,4743
ham,4744
spam,4745
ham,4746
ham,4747
ham,4748
ham,4749
ham,4750
spam,4751
ham,4752
spam,4753
ham,4754
ham,4755
ham,4756
ham,4757
spam,4758
spam,4759
ham,4760
ham,4761
ham,4762
ham,4763
ham,4764
ham,4765
ham,4766
spam,4767
ham,4768
ham,4769
ham,4770
ham,4771
ham,4772
ham,4773
ham,4774
ham,4775
ham,4776
ham,4777
ham,4778
ham,4779
ham,4780
ham,4781
ham,4782
ham,4783
ham,4784
spam,4785
ham,4786
ham,4787
ham,4788
ham,4789
ham,4790
ham,4791
ham,4792
ham,4793
ham,4794
ham,4795
spam,4796
spam,4797
ham,4798
ham,4799
ham,4800
ham,4801
ham,4802
ham,4803
ham,4804
ham,4805
ham,4806
spam,4807
ham,4808
ham,4809
ham,4810
ham,4811
ham,4812
ham,4813
ham,4814
ham,4815
ham,4816
ham,4817
ham,4818
ham,4819
spam,4820
ham,4821
spam,4822
ham,4823
ham,4824
ham,4825
ham,4826
ham,4827
ham,4828
ham,4829
ham,4830
ham,4831
ham,4832
spam,4833
ham,4834
ham,4835
ham,4836
ham,4837
ham,4838
ham,4839
spam,4840
ham,4841
ham,4842
ham,4843
spam,4844
ham,4845
ham,4846
ham,4847
ham,4848
ham,4849
ham,4850
ham,4851
ham,4852
ham,4853
ham,4854
ham,4855
ham,4856
ham,4857
ham,4858
ham,4859
ham,4860
ham,4861
spam,4862
spam,4863
ham,4864
ham,4865
ham,4866
ham,4867
ham,4868
ham,4869
ham,4870
ham,4871
ham,4872
ham,4873
ham,4874
ham,4875
spam,4876
ham,4877
spam,4878
ham,4879
ham,4880
ham,4881
ham,4882
ham,4883
ham,4884
ham,4885
ham,4886
spam,4887
ham,4888
ham,4889
ham,4890
ham,4891
ham,4892
ham,4893
ham,4894
spam,4895
ham,4896
ham,4897
ham,4898
ham,4899
spam,4900
ham,4901
spam,4902
ham,4903
ham,4904
spam,4905
ham,4906
ham,4907
ham,4908
ham,4909
ham,4910
ham,4911
ham,4912
spam,4913
ham,4914
ham,4915
ham,4916
spam,4917
ham,4918
ham,4919
ham,4920
ham,4921
ham,4922
ham,4923
ham,4924
ham,4925
ham,4926
ham,4927
ham,4928
spam,4929
spam,4930
ham,4931
ham,4932
ham,4933
ham,4934
ham,4935
ham,4936
ham,4937
ham,4938
ham,4939
ham,4940
ham,4941
ham,4942
ham,4943
ham,4944
ham,4945
ham,4946
spam,4947
spam,4948
ham,4949
ham,4950
ham,4951
spam,4952
ham,4953
ham,4954
ham,4955
ham,4956
ham,4957
ham,4958
ham,4959
ham,4960
ham,4961
ham,4962
ham,4963
spam,4964
ham,4965
spam,4966
spam,4967
ham,4968
ham,4969
ham,4970
ham,4971
ham,4972
ham,4973
ham,4974
ham,4975
ham,4976
ham,4977
ham,4978
ham,4979
ham,4980
ham,4981
ham,4982
ham,4983
spam,4984
ham,4985
ham,4986
ham,4987
ham,4988
ham,4989
spam,4990
ham,4991
ham,4992
ham,4993
ham,4994
ham,4995
ham,4996
ham,4997
ham,4998
ham,4999
ham,5000
ham,5001
ham,5002
spam,5003
ham,5004
ham,5005
ham,5006
ham,5007
ham,5008
ham,5009
ham,5010
spam,5011
ham,5012
ham,5013
ham,5014
ham,5015
ham,5016
spam,5017
ham,5018
ham,5019
ham,5020
ham,5021
ham,5022
ham,5023
ham,5024
ham,5025
spam,5026
spam,5027
ham,5028
spam,5029
ham,5030
ham,5031
ham,5032
ham,5033
ham,5034
ham,5035
spam,5036
ham,5037
ham,5038
ham,5039
spam,5040
ham,5041
spam,5042
ham,5043
ham,5044
ham,5045
ham,5046
ham,5047
ham,5048
ham,5049
ham,5050
ham,5051
ham,5052
ham,5053
spam,5054
ham,5055
ham,5056
ham,5057
ham,5058
spam,5059
ham,5060
ham,5061
ham,5062
ham,5063
ham,5064
ham,5065
ham,5066
spam,5067
ham,5068
ham,5069
spam,5070
ham,5071
spam,5072
ham,5073
ham,5074
spam,5075
ham,5076
ham,5077
spam,5078
ham,5079
ham,5080
ham,5081
ham,5082
ham,5083
ham,5084
ham,5085
ham,5086
ham,5087
ham,5088
ham,5089
ham,5090
ham,5091
ham,5092
ham,5093
ham,5094
ham,5095
spam,5096
ham,5097
ham,5098
ham,5099
spam,5100
ham,5101
ham,5102
ham,5103
ham,5104
ham,5105
ham,5106
ham,5107
spam,5108
ham,5109
spam,5110
ham,5111
ham,5112
spam,5113
ham,5114
ham,5115
ham,5116
ham,5117
spam,5118
ham,5119
ham,5120
ham,5121
ham,5122
ham,5123
ham,5124
ham,5125
ham,5126
ham,5127
ham,5128
ham,5129
ham,5130
ham,5131
ham,5132
ham,5133
ham,5134
spam,5135
ham,5136
ham,5137
ham,5138
spam,5139
ham,5140
ham,5141
ham,5142
ham,5143
ham,5144
spam,5145
ham,5146
ham,5147
ham,5148
ham,5149
ham,5150
ham,5151
ham,5152
ham,5153
ham,5154
ham,5155
ham,5156
ham,5157
ham,5158
ham,5159
ham,5160
ham,5161
spam,5162
ham,5163
ham,5164
ham,5165
ham,5166
ham,5167
ham,5168
ham,5169
ham,5170
ham,5171
ham,5172
ham,5173
ham,5174
ham,5175
spam,5176
ham,5177
ham,5178
ham,5179
ham,5180
ham,5181
ham,5182
ham,5183
ham,5184
ham,5185
ham,5186
spam,5187
spam,5188
ham,5189
ham,5190
ham,5191
ham,5192
ham,5193
spam,5194
ham,5195
ham,5196
ham,5197
spam,5198
spam,5199
ham,5200
ham,5201
ham,5202
spam,5203
ham,5204
ham,5205
ham,5206
ham,5207
ham,5208
ham,5209
ham,5210
ham,5211
spam,5212
ham,5213
ham,5214
ham,5215
ham,5216
ham,5217
ham,5218
ham,5219
ham,5220
ham,5221
ham,5222
ham,5223
ham,5224
ham,5225
spam,5226
ham,5227
ham,5228
ham,5229
spam,5230
ham,5231
ham,5232
ham,5233
ham,5234
spam,5235
ham,5236
ham,5237
ham,5238
ham,5239
ham,5240
ham,5241
ham,5242
ham,5243
ham,5244
ham,5245
ham,5246
ham,5247
spam,5248
ham,5249
ham,5250
ham,5251
ham,5252
ham,5253
ham,5254
ham,5255
ham,5256
ham,5257
ham,5258
ham,5259
ham,5260
ham,5261
ham,5262
ham,5263
ham,5264
ham,5265
ham,5266
spam,5267
ham,5268
ham,5269
ham,5270
ham,5271
ham,5272
ham,5273
ham,5274
ham,5275
spam,5276
ham,5277
ham,5278
ham,5279
ham,5280
ham,5281
ham,5282
spam,5283
ham,5284
ham,5285
ham,5286
ham,5287
ham,5288
ham,5289
spam,5290
ham,5291
spam,5292
ham,5293
ham,5294
ham,5295
ham,5296
ham,5297
ham,5298
ham,5299
ham,5300
ham,5301
ham,5302
ham,5303
ham,5304
ham,5305
ham,5306
ham,5307
ham,5308
ham,5309
ham,5310
ham,5311
spam,5312
ham,5313
ham,5314
ham,5315
ham,5316
ham,5317
ham,5318
ham,5319
ham,5320
ham,5321
ham,5322
ham,5323
ham,5324
ham,5325
ham,5326
ham,5327
ham,5328
ham,5329
ham,5330
ham,5331
ham,5332
ham,5333
ham,5334
ham,5335
ham,5336
ham,5337
ham,5338
ham,5339
spam,5340
ham,5341
ham,5342
ham,5343
ham,5344
ham,5345
ham,5346
ham,5347
ham,5348
ham,5349
ham,5350
ham,5351
ham,5352
ham,5353
ham,5354
ham,5355
ham,5356
ham,5357
ham,5358
ham,5359
ham,5360
ham,5361
spam,5362
spam,5363
spam,5364
ham,5365
spam,5366
ham,5367
spam,5368
ham,5369
ham,5370
ham,5371
ham,5372
ham,5373
ham,5374
spam,5375
spam,5376
ham,5377
ham,5378
spam,5379
ham,5380
ham,5381
ham,5382
ham,5383
ham,5384
ham,5385
ham,5386
ham,5387
ham,5388
ham,5389
ham,5390
ham,5391
ham,5392
ham,5393
ham,5394
ham,5395
ham,5396
ham,5397
ham,5398
ham,5399
ham,5400
ham,5401
ham,5402
ham,5403
ham,5404
ham,5405
ham,5406
ham,5407
ham,5408
ham,5409
ham,5410
ham,5411
ham,5412
ham,5413
ham,5414
ham,5415
ham,5416
ham,5417
ham,5418
ham,5419
ham,5420
ham,5421
ham,5422
ham,5423
ham,5424
spam,5425
ham,5426
ham,5427
ham,5428
ham,5429
ham,5430
ham,5431
ham,5432
ham,5433
ham,5434
ham,5435
ham,5436
ham,5437
ham,5438
ham,5439
ham,5440
spam,5441
ham,5442
ham,5443
ham,5444
ham,5445
ham,5446
spam,5447
ham,5448
ham,5449
ham,5450
ham,5451
ham,5452
ham,5453
spam,5454
ham,5455
ham,5456
ham,5457
spam,5458
ham,5459
spam,5460
ham,5461
ham,5462
ham,5463
spam,5464
spam,5465
spam,5466
ham,5467
ham,5468
ham,5469
ham,5470
ham,5471
ham,5472
ham,5473
ham,5474
ham,5475
ham,5476
ham,5477
ham,5478
ham,5479
spam,5480
ham,5481
ham,5482
ham,5483
ham,5484
spam,5485
ham,5486
ham,5487
ham,5488
ham,5489
spam,5490
ham,5491
ham,5492
ham,5493
ham,5494
spam,5495
ham,5496
ham,5497
ham,5498
spam,5499
ham,5500
ham,5501
ham,5502
ham,5503
ham,5504
ham,5505
ham,5506
ham,5507
ham,5508
ham,5509
ham,5510
ham,5511
ham,5512
ham,5513
ham,5514
ham,5515
ham,5516
ham,5517
ham,5518
ham,5519
ham,5520
ham,5521
spam,5522
ham,5523
spam,5524
ham,5525
ham,5526
ham,5527
ham,5528
ham,5529
ham,5530
ham,5531
ham,5532
ham,5533
ham,5534
spam,5535
ham,5536
ham,5537
spam,5538
ham,5539
ham,5540
ham,5541
ham,5542
ham,5543
ham,5544
spam,5545
ham,5546
ham,5547
ham,5548
ham,5549
ham,5550
ham,5551
ham,5552
ham,5553
ham,5554
ham,5555
ham,5556
ham,5557
ham,5558
ham,5559
ham,5560
ham,5561
ham,5562
ham,5563
spam,5564
spam,5565
ham,5566
ham,5567
ham,5568
ham,5569
